"State","1917","1918","1919","1920","1921","1922","1923","1924","1925","1926","1927","1928","1929","1930","1931","1932","1933","1934","1935","1936","1937","1938","1939","1940","1941","1942","1943","1944","1945","1946","1947","1948","1949","1950","1951","1952","1953","1954","1955","1956","1957","1958","1959","1960","1961","1962","1963","1964","1965","1966","1967","1968","1969","1970","1971","1972","1973","1974","1975","1976","1977","1978","1979","1980","1981","1982","1983","1984","1985","1986","1987","1988","1989","1990","1991","1992","1993","1994","1995","1996","1997","1998","1999","2000","2001","2002","2003","2004","2005","2006","2007","2008","2009","2010","2011","2012","2013"
"Alabama",14.69934464,11.71613216,13.43721199,12.32191658,13.7149744,14.40902042,13.67565441,14.84949207,16.15468788,15.4890995,15.91982555,17.99867439,14.54164028,14.68599224,14.77752876,15.12842083,14.81413746,14.21224022,14.54164028,16.1590786,15.88813686,15.32300186,16.48368073,16.68818855,16.29079819,13.56399918,12.14904213,10.46419811,10.97299099,13.48733425,12.2632494,12.16616535,11.69960022,13.04975224,11.45962334,10.56210041,9.846119881,10.86018562,11.08806992,10.5114603,9.757862091,10.22345066,10.58468246,9.931370735,9.350663185,9.506201744,10.04532528,11.37712097,11.08544731,10.76857853,10.53176212,10.85171795,10.16917801,9.476951599,10.03174973,9.976192474,9.556977272,9.616834641,9.451067924,9.510318756,9.936615944,9.364099503,9.993279457,10.0110445,9.347866058,10.65956593,11.21325397,11.71527863,12.44274712,15.30971718,11.5369339,13.58374023,12.78934288,12.40133572,12.08644009,13.13933563,12.65707779,13.31935692,13.88619804,14.44807625,15.83560181,16.48252678,16.47875404,16.00579071,14.74911404,14.14912605,14.65053749,16.12270927,18.47659492,20.4224472,19.98053169,17.85739899,15.33664799,16.74658585,16.14173126,16.65284157,14.54250717
"Alaska",NA,NA,NA,NA,NA,NA,NA,NA,NA,NA,NA,NA,NA,NA,NA,NA,NA,NA,NA,NA,NA,NA,NA,NA,NA,NA,NA,NA,NA,NA,NA,NA,NA,NA,NA,NA,NA,NA,NA,NA,NA,NA,4.177683353,4.859967232,5.471930027,4.704111099,4.686896324,4.855094433,5.192546844,4.557161808,4.745443344,5.459494114,5.187546253,4.956270218,5.290911198,5.237933636,5.59992218,4.961171627,4.235769749,4.013024807,4.567631721,4.764849186,5.255713463,5.327894688,6.077020645,6.058968544,8.105787277,8.170892715,8.114345551,8.869695663,7.61239624,8.496770859,8.205978394,11.33475685,8.327889442,8.877975464,8.575756073,8.7202034,8.948009491,9.738123894,10.29881668,11.37452221,10.54658985,11.64512539,10.30705166,10.22462559,11.13944244,11.81898785,12.46887112,13.39634705,13.90085888,13.88281822,12.38206482,12.306077,11.57385254,12.96111774,11.1204586
"Arizona",12.01975441,11.88272095,10.07615185,8.484786987,8.598173141,9.957972527,9.22690773,10.65065479,14.55007076,14.24377441,14.99483967,17.87656403,14.66832542,12.24359608,11.66787148,11.25609303,10.95103168,11.86770439,12.22613335,14.16775608,13.12240887,11.77657604,11.98189735,12.08398724,12.56807899,11.65816975,9.607420921,9.215340614,10.61450672,11.80010509,10.18730831,11.31260777,10.22103596,13.82903481,11.59418678,10.58053684,8.810814857,9.908416748,10.55589294,10.45920467,10.00372791,9.886072159,10.94211483,10.62725163,9.943376541,9.709181786,9.532828331,10.10141182,10.84235954,9.680957794,10.19180584,10.68944645,9.92723465,8.747608185,9.170714378,9.168780327,8.848818779,8.645606041,8.250973701,8.431473732,8.38580513,8.553933144,9.154973984,8.558009148,8.548779488,9.975681305,10.14625072,11.0388031,11.9023695,14.96683598,11.74857616,13.66780853,12.00566673,12.54214287,11.86214447,12.93333435,12.71181393,12.90290833,14.05568218,16.39512253,17.41157722,17.87245178,18.09818077,18.32298088,15.83571339,14.88185692,15.98351765,19.41508865,22.66134071,23.07547569,21.63524628,18.00382996,16.12789726,16.86220551,16.65009499,18.45410728,16.35735893
"Arkansas",11.41971397,11.90188694,10.05204105,9.783608437,10.8047514,11.91493416,11.08788872,11.25520229,12.73581409,12.58300018,13.49060822,14.23181534,12.92941761,12.88243961,11.22482014,12.78616333,14.06285095,14.98555279,14.33498573,16.50842667,14.97598553,15.65206528,15.90382767,16.58065796,17.99571419,13.71157074,13.38378239,10.97887039,10.95754433,13.4251833,13.36074734,12.12408066,11.95920563,12.83459568,11.3331356,10.55271816,10.49228859,12.62004089,11.33127022,11.31190205,10.08943558,10.89493465,11.18720055,10.66743183,10.74574757,10.88145733,11.09479237,12.45202637,13.35164452,11.94287586,11.5250721,11.85548401,11.32751274,10.12246132,10.54277325,10.58777809,10.48117924,10.38550377,10.05329418,10.25203896,10.45819569,9.51279068,10.30357265,10.04799271,9.641844749,10.9121027,12.06117153,11.8098774,12.47708225,14.7768364,11.38765144,13.61904049,11.77318573,12.40840435,11.84529591,12.73433018,12.1039772,12.82287788,12.93357182,12.82394886,14.08539486,15.82447052,15.52184677,16.08039093,14.88570023,14.23564434,14.28219509,15.5980444,16.67526817,16.44952965,17.38990021,16.99254227,17.30979729,17.43770218,17.6618557,21.046875,17.07005882
"California",15.38890266,15.22562027,15.38722134,13.05725765,13.7338438,14.58980179,13.74531841,15.11767673,16.68078613,17.70888901,17.93933296,20.47963333,17.92638969,14.75707245,13.26826477,13.11362457,13.59761524,14.84755516,15.36631298,17.15793228,15.77047062,14.11810875,13.78698921,13.55748177,13.38120651,11.56971264,11.06895638,10.02181053,11.00261116,11.62501812,10.7108469,12.36385632,11.54211426,12.78270054,11.7899971,10.32971191,9.21945858,10.37918949,10.64575863,9.457140923,9.164719582,9.496524811,9.910672188,9.332025528,9.702137947,8.835660934,8.765789032,9.503493309,9.845918655,9.140298843,9.90674305,10.30134201,9.405918121,8.31540966,8.684988022,9.05818367,8.748606682,8.633803368,8.323926926,8.497420311,8.896114349,8.90472126,10.23918056,9.905414581,10.09115696,10.29604816,10.88375759,11.48735046,12.45278549,15.77325153,13.00507069,16.196661,15.91059208,16.38671112,14.38317204,15.03309917,14.3657856,14.34832001,15.66066647,17.36969566,19.06697464,19.79747772,24.02975273,28.91013718,20.07935524,17.68755722,19.0779686,21.68177032,24.20210838,24.02518272,24.60083199,20.67294502,18.77615166,22.0317955,21.50404358,26.38096428,22.71503448
"Colorado",13.65075207,10.53810787,12.37408733,11.41890335,12.01922512,13.9623251,12.40613842,13.37125874,16.35177231,16.11135864,17.75653267,19.76434708,17.34632874,15.08512878,15.02291298,14.48404598,13.88170147,17.01503944,16.4702301,18.35692787,17.86750221,15.15496159,15.69714737,15.2870245,15.42637634,13.33747768,13.23536587,11.82869625,12.83758736,13.27193737,12.12613106,12.76593494,11.05671978,13.02725029,11.34318161,11.20348835,9.645040512,11.09942818,10.9932394,11.45851803,9.464520454,9.59112072,9.535655975,9.183785439,9.882745743,9.243542671,9.468811035,9.456905365,9.329995155,8.940520287,9.453904152,9.984184265,9.44599247,7.986058712,8.502223969,8.738717079,8.199412346,8.214017868,8.037535667,7.751739502,8.294214249,8.246873856,9.025712967,9.305003166,9.48320961,9.929408073,10.55977726,10.92870998,11.18357372,13.28929329,10.15396404,12.51917839,11.35723305,12.17846203,11.61428928,12.89468479,12.94447327,13.3146534,13.75928211,14.9244442,16.29483032,17.68524933,19.01176643,21.16952896,16.48262405,15.00291348,15.47705269,18.11749268,19.56089401,21.30145264,21.2737751,18.06598091,15.40491867,17.63902283,18.78556442,21.24749184,16.91086006
"Connecticut",19.56022453,17.37902069,16.99032402,14.46573353,16.87301254,17.05309677,16.58732224,19.01355743,21.83682442,20.49133873,21.69507027,24.24732971,24.15105057,17.53517723,15.36393738,15.72991276,16.17339706,15.91551495,17.40538597,20.85008049,19.08215523,16.16207123,17.13949585,17.10585213,15.33958435,12.73367691,11.82687759,11.17400074,12.71593952,12.90228367,11.44410896,12.15323734,11.97579861,13.50427055,11.75495148,12.08607006,9.680392265,10.86566067,11.21526337,10.93408871,9.635712624,10.52299881,10.45306492,10.32422733,10.74469471,9.772614479,9.683961868,11.4109602,12.17474079,11.3424511,12.67294502,14.53290653,12.17079067,9.887606621,10.4783802,10.69216251,9.417341232,9.34046936,9.05045414,9.412061691,9.924578667,10.11849594,11.63451385,12.2391777,11.85625267,12.3467617,13.07645035,13.58421326,14.63734531,19.55488014,15.58968353,19.36516953,17.51130676,16.99235153,16.27132034,19.19958115,18.4280262,17.36241531,19.75510597,22.20764542,26.11965179,28.10654449,29.57458687,32.71558762,29.65802574,23.8102417,25.50709724,28.55860519,31.01522827,31.74642181,36.06892014,29.42872429,26.75094414,32.70521164,29.90021133,34.42226028,30.82683372
"Delaware",38.89987564,33.79666901,31.23406029,21.4893856,22.32103157,23.51999664,23.29258347,29.85939026,36.30644226,39.02811432,43.16082382,46.17874527,38.99631119,28.76996994,25.79257202,29.41201401,30.1815815,33.41150665,35.76476288,44.93468475,40.81065369,33.84333038,43.13714218,38.28456116,29.64264297,18.98009491,18.24271202,17.41736794,19.98840904,21.43099213,19.92983055,21.34002876,23.67163658,28.26605988,22.56882668,18.74965668,18.34812546,21.39858246,23.40069962,18.40008926,18.50309753,18.17619133,18.5292263,17.08806801,17.53149986,16.94824791,17.13990402,23.39656067,25.28660965,17.08176613,15.41654778,14.13422203,13.14455509,11.3821516,11.21992397,11.13788223,10.84646893,9.7684021,8.511742592,8.893382072,9.301573753,9.37947464,10.16464233,10.1928215,10.06297112,9.770525932,10.18346405,10.70804214,10.99631023,13.81067276,10.69371796,12.80632782,11.49162865,11.38918209,11.0237751,11.96612835,11.90360832,11.99709702,12.76714611,14.36683273,16.55533791,16.63471985,16.84117126,17.9433403,14.85995579,14.15916634,15.0870657,18.37724304,21.38478279,19.1362648,18.70779991,16.3303051,13.90790844,13.33821869,13.58699799,15.13509083,13.2539978
"District of Columbia",21.67167473,19.27951813,18.60202599,16.79376793,13.73854446,17.42218781,14.97632027,18.16314888,22.31522942,22.13463974,23.48908424,24.70029068,18.4054966,14.05899429,12.73550701,11.15511036,11.70526028,12.22322941,12.65127659,14.18100834,13.11373901,11.88338947,11.91861725,11.77391338,12.39963722,10.52072906,9.90749073,9.032305717,9.976005554,10.21991253,9.495558739,9.761268616,9.200728416,10.9071722,10.43994045,9.430936813,9.397249222,10.66812038,11.43587399,11.31400394,10.61461449,10.52457047,13.38284492,11.25576496,11.44390583,10.91058064,10.87956047,12.27420807,11.44499111,11.18693924,10.94800854,10.97547436,11.13861942,10.45381165,10.51058769,10.77006626,9.806385994,9.419451714,8.831315994,9.124536514,9.386857033,10.67677307,13.06532955,14.48427391,14.34109116,14.75729465,15.46600819,16.44564629,18.06186676,23.27763557,17.99764252,20.73732376,18.08148003,16.92721558,15.57275867,16.38273239,15.68656254,17.3335228,15.90213203,18.41277885,20.35056305,23.49054146,16.98719025,28.14702797,21.89526367,19.34389877,21.49863434,22.26527786,23.94168282,23.7484684,25.02799606,19.78139305,20.14299011,20.34712219,19.89113426,25.09031487,19.64234543
"Florida",18.00313187,18.23363113,15.9705286,15.67060661,15.34899712,17.13795853,16.67664337,17.83032608,13.77814293,15.78155899,17.93301964,22.72625542,18.96242905,15.8137331,16.70492554,15.37528515,16.34342003,18.02761078,20.8049221,24.59224129,23.90591621,21.20311546,20.38456917,21.44264984,18.92460632,14.6006155,12.95761681,11.65446854,12.72063923,14.95885468,13.23978901,13.58421326,12.79434586,14.6599102,13.794981,12.36906815,11.62673187,12.5672226,13.20050049,13.50617123,12.14399433,11.51538658,12.31215572,11.38602734,11.96638966,11.3098135,11.34380627,12.5863142,12.88660145,11.8443079,12.46614552,13.51022911,12.35138607,10.63887978,11.59799004,12.4193697,11.49781704,10.96720028,10.20588112,10.15473557,10.57164288,10.73345184,12.37230778,12.22562122,12.02534866,14.0857296,14.48572445,15.66842937,16.50107193,22.43113518,16.7260437,21.35477066,19.07000542,18.25027275,16.67484093,19.06367111,17.9618206,18.20651817,18.97967339,21.14766884,23.58310699,24.3831234,24.18868065,25.44050217,21.86517906,20.86450577,20.71779633,26.55436707,31.77565575,31.24887085,30.38053703,25.66654587,22.7454319,23.63547134,24.64322472,30.45129395,25.76969147
"Georgia",15.48715973,17.27257156,15.58947754,15.14539051,14.97041035,15.24253559,15.31511784,16.94039345,18.39523506,18.11491966,19.27401161,20.76217079,15.53943443,14.67429447,15.37035465,15.89936256,15.62635231,16.26163292,16.35210037,18.83144951,17.56064606,16.9787178,17.57352257,18.17676353,17.51107788,14.67576313,13.13696766,11.45192146,12.14711666,14.66543674,13.83642864,12.53002357,11.63456154,11.57019997,11.10291386,10.32572269,9.517050743,11.18099213,10.34167099,10.1093874,10.0678339,9.787387848,9.783462524,10.32239151,10.35294151,9.788434029,9.728894234,10.69403839,10.82829857,10.01766491,10.01658058,10.85944366,11.01063728,9.274075508,9.616605759,9.976652145,9.468849182,9.08124733,8.500314713,8.479294777,8.615857124,8.519875526,9.673256874,8.945123672,8.833025932,10.32876015,10.54091167,11.08397675,12.23563671,15.27953815,11.85871983,14.70524693,12.91886711,13.1031971,12.11458111,13.10467815,13.19026756,13.09709644,13.86498356,14.75615406,15.95708942,16.95954132,17.04819107,17.80355835,15.74638844,14.90276718,15.35905266,17.0388546,19.11416817,20.32284164,20.25424957,17.40136528,15.90088654,16.41736984,16.18751907,18.21327019,16.63133049
"Hawaii",NA,NA,NA,NA,NA,NA,NA,NA,NA,NA,NA,NA,NA,NA,NA,NA,NA,NA,NA,NA,NA,NA,NA,NA,NA,NA,NA,NA,NA,NA,NA,NA,NA,NA,NA,NA,NA,NA,NA,NA,NA,NA,8.706816673,9.101061821,9.695033073,7.429714203,7.15717268,7.223338604,8.099966049,7.455459595,7.869699955,7.85233736,7.835878849,6.503470898,6.794685364,7.419763565,7.497602463,7.075656414,6.508404732,6.434802055,6.84302187,7.074433804,7.423131466,7.522921562,7.59741354,7.190300465,7.778112411,8.646964073,8.601135254,11.202981,9.46555233,12.22895908,12.22045898,13.67830849,10.71516705,10.4026041,9.817713737,9.119573593,9.016799927,10.08360577,10.95039272,11.47752953,12.35919476,13.19595528,12.53203106,11.43761921,12.66214275,14.22119713,16.46945763,15.99513626,15.68442345,13.43128109,12.90836143,11.28796864,10.6200428,12.45974731,11.36043644
"Idaho",7.260325909,6.033923149,6.565139294,5.863729954,6.020228386,6.267473221,6.036692619,7.010237217,8.123930931,8.132695198,8.933203697,10.35317898,9.490356445,8.412717819,9.017015457,9.267725945,11.48139954,8.869169235,9.678255081,10.22220898,10.53096294,8.950388908,9.783408165,9.770313263,9.609030724,9.484719276,9.045962334,7.902276516,8.398594856,8.938811302,8.43224144,9.657494545,8.697843552,10.19865227,9.48253727,9.923435211,7.315033436,8.07705307,8.148692131,9.283312798,9.735805511,8.168298721,8.498794556,7.950275421,8.075837135,7.378673077,8.041425705,9.205482483,8.655630112,8.392864227,9.250489235,9.094920158,8.477754593,7.557054043,7.830280781,7.493748665,8.160877228,8.218497276,8.083013535,7.377975941,7.626732826,7.404364109,7.780445576,7.67830658,7.902228832,8.624221802,9.675314903,10.21435452,11.16729927,12.16451645,9.195368767,11.43656731,11.14494133,11.17511177,10.50014973,12.44405174,11.66592693,11.46234798,12.1575098,13.64407539,14.59760094,14.79745293,15.6087265,17.52750778,13.14336395,12.29884815,13.1046114,15.16709518,18.07865143,20.46384048,18.83594894,16.416502,13.65451908,13.92567062,14.09327126,17.23548889,14.03557873
"Illinois",17.08991623,16.44830894,16.43864822,16.34329605,14.93252277,16.73104858,15.6527071,16.78551483,19.73998833,18.96901703,19.82449341,23.08148384,21.16911316,17.01641846,15.21817112,14.54169369,16.62522507,16.16141319,16.69145393,20.299757,17.55954552,16.25389481,16.39447975,16.85169029,16.15949249,14.42957783,13.76414204,12.20753956,13.15736961,13.41116047,12.13932514,11.7632122,11.59506226,12.67723179,11.77731705,10.72308826,9.987586021,10.74194622,10.08845901,10.43225002,9.908082008,9.994913101,10.22678661,9.967461586,10.44793129,9.732906342,9.443937302,10.12508965,10.81408978,10.34802437,10.80470467,11.13925457,10.25282097,8.859334946,9.07971096,9.486357689,9.025185585,8.72240448,8.230846405,8.50646019,8.706339836,8.664610863,9.716053963,9.630196571,9.841946602,10.2805109,11.33117962,11.82679844,12.4812088,15.60141563,13.22524548,16.15159225,15.50611019,15.04212189,14.29955482,15.71679878,15.48059559,15.82617569,16.23145866,17.32925034,18.53297997,19.85159492,20.23504448,21.20832443,17.83065224,17.44619942,17.97319412,20.08929825,21.67287827,22.94748306,24.6860733,22.0028038,18.40563583,20.44235992,19.81990051,23.14178848,20.17593002
"Indiana",11.74697495,10.53300762,10.96625805,9.937562943,11.17294788,11.7075367,10.65660095,12.60121536,15.57989025,16.37083054,16.3646431,17.53316307,14.6224823,13.92377186,12.8921299,13.15873241,13.54263401,13.69190025,13.38601494,15.51190853,13.63657856,13.54007149,13.95994473,14.30540276,12.91031265,11.10848045,9.92743206,9.132698059,10.16545391,11.12977219,10.00503254,9.571204185,9.701317787,10.08305454,9.310682297,8.533514977,8.024981499,8.829751968,8.796328545,8.953526497,8.727556229,8.514306068,8.702788353,8.511059761,8.799515724,8.37798214,8.410346031,9.452858925,9.320530891,8.712133408,9.229542732,9.860776901,9.125337601,8.43625927,8.557385445,8.846837997,7.998569965,8.312143326,8.419074059,8.406335831,8.378977776,8.336336136,8.774801254,8.4414711,8.173974991,9.16408062,10.18236065,10.340868,10.72605419,13.48324299,10.11102772,12.14634132,11.22296715,11.43645,11.12794113,12.16813564,12.15024757,12.36459637,12.42016888,13.16054153,14.78410816,15.8659544,15.10511303,14.43924141,13.4227066,13.05099392,13.47205448,14.31563854,15.52481079,16.3214798,16.56783485,14.45767117,13.66133595,14.10284233,14.16466808,15.40668488,13.95073414
"Iowa",6.500029564,6.209721088,6.792692661,7.318937302,9.028697014,7.887205124,8.162848473,10.37924099,13.56053066,13.07675552,13.64671707,16.40781212,12.57506466,11.98695755,12.32713795,11.65371037,12.7510252,14.36154652,10.28044605,13.77840424,10.12606812,10.55104637,11.36905575,11.67156029,11.6870842,10.29908466,10.22633171,9.094802856,9.82697773,9.948937416,10.64827824,8.110115051,9.38781929,9.614233017,8.920590401,7.507407665,8.097848892,7.87036705,9.163275719,8.353321075,7.82516098,8.184541702,8.710597992,8.735642433,9.061676025,8.252339363,7.862977505,9.144929886,8.981897354,8.134978294,8.49920845,9.118083954,8.354250908,7.611005306,8.19174099,8.201328278,7.697016239,7.978939056,8.063349724,8.014310837,8.034036636,7.356344223,8.331442833,8.244951248,7.875016689,9.074662209,10.40369415,9.775028229,9.747312546,11.52998257,8.84265995,10.69471073,10.19066811,10.0972538,9.870445251,10.50158691,10.46405602,10.23252678,10.47624588,10.69683933,12.56951714,13.60736084,13.67358875,12.59195232,11.57092094,11.29637623,11.60253906,12.307024,12.9193964,14.40657043,14.50025463,13.11463547,11.66928577,12.09999561,11.76600075,14.55536366,11.70932865
"Kansas",9.487429619,8.973793983,9.242832184,9.322631836,9.424743652,10.05702209,9.170484543,11.02810764,14.48763084,15.14374924,14.30050945,16.09980011,13.83222675,12.20779228,11.50886822,12.83202839,12.75609779,14.03830814,12.7349205,14.94665527,13.25988197,12.44470596,13.35915279,13.27115917,14.09447002,11.73786163,10.53099918,9.607625961,10.61802197,11.86007977,11.35355949,12.3967762,10.91009712,11.38793755,10.71763039,9.067563057,8.666938782,9.190540314,9.239443779,9.001286507,9.042854309,8.50527668,8.692547798,8.899120331,9.288356781,8.908359528,9.001953125,9.715303421,9.75740242,9.380919456,9.68333149,10.89138222,9.652644157,8.651280403,8.82917881,8.773431778,8.72010231,8.991303444,9.04199791,8.686973572,9.310788155,8.996416092,9.815997124,10.16928959,9.897891998,10.14424038,11.01065922,10.78266621,11.55925751,12.89362049,10.40264225,13.16478729,12.88573456,11.92993355,11.57808208,12.31682205,11.84600258,11.40315247,12.66955376,13.06793976,14.40443325,14.77261353,15.16849804,14.80104637,12.77186203,13.25082493,13.72068024,14.51114655,16.08764648,17.44399834,17.9804821,16.26105118,14.6522646,16.40237045,15.90317726,18.28949547,15.89420891
"Kentucky",15.2688036,14.81518841,13.36449718,13.4475708,14.20957851,15.12472725,15.18001747,15.1023283,17.19694519,17.97329521,18.68223953,19.82016945,18.39546394,15.7488184,14.50573349,15.53458214,16.08747673,16.83686447,16.20060921,18.15324974,14.76848221,15.3013258,15.2942915,16.05340385,15.39993858,12.70721912,11.85975933,10.72502708,11.76235771,13.10464573,13.02450752,11.96315193,11.41854668,12.2350502,10.64620781,10.01689816,9.509899139,11.17162514,10.80970478,10.6060915,11.65816975,10.11508274,9.945505142,9.779443741,10.0593338,9.430397987,9.778868675,11.27533054,11.2643013,10.3264389,10.2856369,10.83075523,10.05111313,9.728922844,9.988491058,9.77077961,9.394114494,10.00449371,10.35580921,9.53974247,9.698329926,9.28091526,9.59094429,9.688569069,9.678212166,10.69962406,12.39490414,12.0753336,12.43752384,15.35700035,11.77499676,13.40385914,13.06789589,12.38546276,11.6565733,12.10959721,12.32203293,12.04103279,12.63712311,12.96602535,14.95804596,15.89870262,15.45378017,14.81053162,13.96381855,13.18417168,13.81216526,14.76241112,15.75593853,16.58430099,17.11531067,15.67697048,14.09239578,15.25987053,14.17736053,15.29280567,14.03715324
"Louisiana",16.92733765,18.84456635,17.83685303,14.53402901,13.33959961,14.09760952,14.39290237,15.36019325,16.45853806,16.28580093,17.03530121,18.68194199,15.47427368,14.77018261,14.16298103,14.23073959,14.01687336,14.81449986,15.08246994,18.98028755,17.49981117,16.27718925,16.77950859,16.96419144,15.75030041,12.92514133,11.90460491,10.67772579,11.62584019,13.76584721,12.78220367,14.37328815,12.94913387,14.07049084,12.88415241,12.26051807,10.75434494,11.82713604,12.12233257,11.60127354,10.68081284,10.24359703,12.99265766,11.03634644,10.91987133,10.66838169,10.42291737,11.59356213,12.15573025,11.30844975,10.85215569,11.02550983,11.13212013,9.926698685,10.39666557,10.53736782,10.18038654,10.28839207,10.15306664,10.01745224,10.41702843,10.03351498,10.88761139,11.2170639,11.15041065,11.99750996,14.4244318,13.98262596,13.87600708,15.27102947,11.68700218,13.33439541,12.65267181,12.42215919,12.36508846,12.80588627,12.81254196,12.84536648,13.05541039,14.99713326,16.96451759,16.62202263,15.57808495,15.7379055,15.387743,14.14838409,13.84283352,14.0945425,17.6509304,21.99382019,15.80774975,23.67247581,16.14328766,16.27140617,14.39713287,18.95972252,16.41117477
"Maine",17.48407745,14.69406033,13.14228058,12.2214756,13.35020828,13.90045929,13.05433941,14.95649433,19.01729012,18.87974358,19.37679672,21.00383186,19.92673874,15.86175251,16.09262657,15.09820557,13.87369919,14.06638622,14.49690342,16.38288498,15.85663128,20.705019,14.59694576,14.43618679,13.25814724,10.70519733,9.730079651,9.182105064,10.43917274,10.86089039,9.69442749,9.815585136,9.305117607,10.52432728,9.928739548,8.843993187,8.932042122,8.999437332,9.517220497,8.911493301,8.720505714,9.074986458,8.016403198,8.147637367,9.297176361,8.232517242,8.50314045,10.33263683,10.42797756,9.201685905,9.958679199,10.12670135,9.299525261,8.445319176,8.896944046,8.290518761,8.307855606,8.243440628,7.990764618,7.996912003,8.442374229,8.632376671,8.71547699,8.552000046,8.218092918,9.302773476,10.1086731,9.991570473,10.84092426,14.55135632,11.38002586,12.24237919,11.00527763,10.04212856,10.32814503,10.80182457,10.64184761,11.16283131,11.14391613,12.12381458,14.4397707,15.64213753,15.94888878,17.1608448,14.05625916,13.23996353,13.14685726,14.33825779,15.65581036,16.19057846,15.71043396,14.07219601,12.78537178,13.04253101,12.83545017,14.27235222,12.7198782
"Maryland",22.46443939,18.73431206,18.98906136,17.31545067,19.0505085,20.52475357,20.79388809,20.07448196,24.56599045,23.26994705,25.30925179,27.06618881,23.4914875,19.09658241,16.72338867,16.05205154,17.07096672,17.12718773,17.74687576,19.92760468,18.1151123,16.22541809,16.54274368,16.17883301,15.17323589,12.14627171,11.36341763,10.26815414,11.25356483,12.31865788,11.32683659,11.00105762,10.34408188,11.29133224,10.47898769,9.658207893,8.59168911,9.320983887,9.106036186,8.608599663,8.284888268,8.308242798,10.0726862,8.643421173,8.73818779,8.282217979,8.208665848,9.144935608,9.438686371,8.64316082,8.882951736,9.733286858,9.232526779,7.471951008,7.810493946,8.280608177,7.998085976,7.601055145,7.045431614,7.060926914,7.300358295,7.412331104,8.490816116,8.128797531,8.558914185,8.807412148,9.364154816,9.761019707,10.60087013,13.57422447,11.05344582,13.24238968,12.6123085,11.93626785,10.99267673,11.71405029,11.55466557,11.72812843,12.23112583,13.35902214,14.94886494,15.89114666,16.38515663,17.93191719,14.74447155,13.82698059,14.5426693,16.30272293,17.34091187,17.69696808,18.33968353,15.03395271,13.41197109,14.36526966,14.58070564,15.87700748,14.26525021
"Massachusetts",23.45312119,21.29429436,21.04996109,16.87432289,17.10801506,19.31044579,17.09686661,20.51041985,22.8055687,20.86765862,22.42812347,24.78436089,25.74130249,18.12260056,14.93559265,14.59114361,15.79974174,15.48460865,16.25887108,18.94327927,17.15981674,13.83786011,15.3004055,15.31788445,14.56772614,12.95132923,12.04586029,11.27343464,12.7300024,13.06887436,11.98025227,11.95100212,11.539814,12.49280548,11.77145863,11.17567253,9.967770576,10.50538731,12.19272804,10.22378731,9.987884521,10.59533596,10.72023201,10.66384315,10.24460602,9.458342552,9.445972443,9.98829937,10.83572292,10.38303757,10.9244957,11.31432438,10.31803608,9.020115852,9.300573349,9.469652176,8.926488876,8.887300491,8.643802643,8.623685837,8.812339783,9.030360222,9.754623413,10.03147888,10.3223896,11.04735279,11.21043873,11.69043255,12.55042934,16.54867744,13.22408485,14.95849133,13.80414391,13.62539673,13.34178352,14.77538776,14.80984783,14.91160488,16.71221733,18.00381279,19.74303436,21.81473351,24.27589226,31.89725113,22.14015198,18.36915398,19.74900436,21.95580673,23.79183578,24.71528816,26.78372765,21.82477379,19.10150337,24.36419106,24.33621025,26.49435425,24.3812561
"Michigan",16.41001129,15.53290367,16.37661743,13.19994164,14.37677193,15.37056255,13.13903332,15.01720238,18.1648674,18.09197235,18.35377884,21.43218422,20.23403549,15.32253265,14.73460102,12.68439674,12.7003746,13.40550232,15.2110281,18.67742729,15.62669563,14.27758789,14.82055664,15.58606434,15.09716511,13.27735329,11.39252949,10.36421013,11.42609215,11.64249706,9.205365181,10.54692173,10.23373604,11.5221653,10.90399551,9.915882111,9.2184515,9.893462181,9.28854847,9.943359375,9.437860489,9.285433769,8.900921822,8.934084892,9.629921913,9.070123672,9.149060249,9.598252296,9.757886887,9.235173225,9.616578102,9.538280487,9.392131805,8.564853668,8.529812813,8.629603386,8.148039818,8.280376434,8.214856148,8.123303413,8.188761711,8.300616264,9.006344795,8.905745506,8.544610977,9.397515297,9.29411602,9.76186657,10.60040855,13.29206371,10.89117813,12.87842846,12.29943943,12.17574501,11.64972782,12.23818207,12.30238152,12.55400944,13.16731453,14.60596752,15.56564522,16.90776443,16.13176537,15.52907085,13.81217289,13.88253403,14.40152168,15.4516201,16.12133598,16.6018486,17.9029274,16.45808029,15.12661076,16.87948418,16.27630424,19.88162613,17.39815712
"Minnesota",12.84870911,12.39565754,11.94877243,11.8829546,12.76007271,13.6517849,12.9685688,13.62681866,15.20153141,16.62161827,17.68972206,20.20858765,17.55800819,14.51481342,14.25490475,13.1169796,14.84932327,15.26137543,13.5840807,17.38794708,13.73696327,13.03510952,13.50645542,14.10071087,13.64592552,12.25092125,11.84967995,11.12485886,12.59483719,12.26599216,11.29136372,10.89886856,10.55840683,11.3936491,10.43714523,9.838199615,9.575260162,9.791265488,10.31662083,9.957864761,9.41836834,9.586968422,9.849241257,9.748857498,10.03501034,9.32556057,9.182134628,10.15324306,10.10583591,9.670645714,9.720188141,10.1057663,9.605797768,8.188309669,8.320299149,8.624227524,7.627932549,8.000789642,8.171587944,8.736548424,8.345741272,8.241690636,9.342352867,9.307705879,8.987599373,9.410104752,10.20883179,10.07292271,10.96562958,14.22951031,10.63256264,13.0130024,12.50926399,11.92606258,11.85271835,14.21727943,13.52209377,13.37367249,14.36619473,16.03787613,15.22059441,16.49105263,16.10306931,17.32561302,15.16397953,14.74934578,15.52982712,16.67971611,18.23670006,18.50848198,19.20344353,17.66925621,15.47483063,17.12676239,16.21040154,19.06279182,16.4442749
"Mississippi",12.09571266,11.88904953,12.48675632,11.27332497,12.15756702,12.28695202,12.2497015,12.51232624,13.05619717,12.63908672,13.02127457,13.99533749,12.64307213,13.42152977,12.20513725,13.07473469,13.43822289,13.47550678,14.00732422,15.37064648,14.76161671,15.65890694,16.92777824,17.65462494,17.5092144,14.32192993,12.31859589,10.53591156,10.97300816,13.52891254,12.56680965,11.63943577,11.93277931,12.42822075,11.55439091,10.29597473,9.852090836,10.72660255,10.28240299,10.82430458,10.28380966,9.77298069,10.23355865,9.825400352,10.06119156,10.31989002,10.03326035,11.78268909,12.85579395,12.30012608,11.29570675,11.28173542,10.68259811,9.765627861,10.22475529,9.931957245,9.668741226,9.610797882,9.332605362,9.261541367,9.598899841,9.732775688,10.71027184,10.48187923,10.14908123,11.73020935,12.59192848,12.76733017,12.75015831,15.08643627,11.42717266,12.85655117,11.61810112,11.82872391,11.27901554,12.25061989,12.0164175,12.241189,12.71175289,13.05918884,14.7390852,15.29232311,15.31772232,15.14393711,14.55707359,13.11086273,13.5235672,12.99537086,15.81046867,18.02363014,16.11724091,16.32441902,13.94305992,17.43026924,13.34985352,15.16473103,13.82488441
"Missouri",17.31925583,16.41902161,17.43270493,17.27302742,15.81838131,16.90242386,15.83464909,16.81713295,19.24824142,19.26693535,20.09036446,21.93465233,19.84336662,16.76935387,15.02352524,15.47779179,15.99396896,17.0292778,16.77365875,19.84749222,17.64167786,16.29978943,16.89089775,17.30065536,16.228302,13.87539005,13.18370247,12.06675434,13.37302494,13.89848232,13.00375748,12.42945766,12.1424551,13.42039204,12.59843445,11.74816418,11.40961266,11.7679882,11.67332268,11.27653217,11.12789345,10.57628632,10.77592087,10.47106361,11.25041866,10.24934387,10.52841854,10.99138451,11.40846443,10.14825821,10.97867107,11.51655865,10.81335354,9.281299591,9.550601006,9.651981354,8.919531822,9.141880035,9.142399788,9.402357101,9.353806496,9.425616264,9.816966057,9.956412315,9.457474709,10.46111584,11.00271511,11.22227001,11.90928555,14.93763828,11.03794765,13.47928715,12.67769241,12.30215263,12.05584049,13.12239838,12.76139545,12.80111885,13.23900509,14.30121517,15.42527676,16.38029861,16.4675045,16.87640381,15.33710289,14.33386326,14.3793354,15.47662354,17.10691261,17.81137657,19.00940132,18.52777863,14.86928558,16.49108505,16.30393028,18.75632858,16.1525135
"Montana",9.649747849,9.034058571,8.054840088,7.898468018,9.046267509,9.253614426,7.923465252,8.296658516,12.05142689,14.04389477,13.66899872,15.94200134,13.65943432,11.51327515,12.69108677,11.36449146,12.1600256,12.98471928,11.23048592,12.81149292,11.11740017,10.39646816,11.46564579,11.87499714,11.39720345,12.06405449,10.06506634,8.855545998,9.474578857,9.654898643,9.123098373,9.399414063,9.314422607,8.690890312,8.2949543,8.548192024,7.031103134,7.623132706,7.501065254,7.250645161,7.879361153,7.603216648,8.771892548,7.668779373,8.611278534,6.939401627,7.07943964,8.757304192,8.311959267,7.623393059,8.653131485,8.746163368,8.286125183,7.304083824,7.643923759,6.91740799,7.775699615,7.868697166,7.775129318,8.003573418,8.445000648,7.433636189,8.491493225,8.016199112,7.574011803,8.833366394,10.43345547,10.51001358,10.28686619,11.54678535,9.485348701,12.15311146,11.92537308,10.85188007,10.17716694,10.78361702,10.72948647,11.65734482,11.42771244,11.37757969,13.18985748,14.03777504,14.32949448,15.21979523,14.17652035,13.77012634,13.88574791,15.0173893,16.35141182,17.83913422,18.28586578,16.41624069,16.90846062,15.97341728,15.03797054,18.82595444,14.37758255
"Nebraska",6.545489788,5.896680355,8.125617027,8.755442619,10.17517471,10.54867077,9.875703812,11.00425339,13.32078648,12.94538975,13.78050137,15.26241016,12.00718784,12.07050514,12.48130512,12.08250237,13.54272842,17.00161362,12.16989708,15.41841888,14.09069443,13.22731876,14.45483208,14.2447319,13.71759892,11.85385036,11.02321434,9.786214828,10.55710793,11.62165165,10.53928089,10.25619984,10.15646648,10.37541103,10.13872242,8.742124557,8.704611778,8.881088257,9.749827385,9.798778534,7.992417812,8.451366425,8.568065643,9.106247902,10.08719921,8.405931473,8.888907433,9.546260834,9.439491272,8.762381554,10.01856136,10.03713512,9.101311684,8.081963539,8.235485077,8.55300808,8.781243324,8.728144646,8.47504425,8.640435219,8.620578766,8.25526619,9.240097046,9.334480286,8.426699638,9.271450043,10.55991554,10.22113609,10.72905922,12.85548401,9.279083252,11.91343403,11.59364414,11.6789341,10.62575626,11.59760666,10.98305511,11.16211319,11.91487312,12.71304512,14.92445374,17.09288979,15.87376881,16.80142593,14.27164841,13.31654072,13.07781792,14.78936195,15.24393654,17.55058479,17.83194351,15.56339645,13.15718746,15.55540657,13.31333637,17.51634216,13.13167763
"Nevada",9.330578804,8.010654449,8.70704937,6.921573639,8.358239174,7.651323318,7.343146801,8.083247185,11.12956715,12.9973526,13.63336086,18.27031517,13.4997263,13.19043922,14.40797234,10.81421661,12.05532932,14.13851166,16.92777634,18.08032036,21.27305222,16.45145798,16.64728355,17.2116909,15.88723469,10.99663258,11.97232533,11.61293793,13.4934864,14.89074612,12.57503319,12.90579891,11.43196964,15.36531925,13.19539356,12.44171524,7.543634892,10.70838642,11.02047634,10.13737297,10.25071716,10.15321159,8.358091354,8.511156082,10.50465012,8.839941978,9.376607895,9.664886475,9.921037674,9.576662064,10.73852539,13.54299164,13.95012569,8.598873138,9.25519371,10.25185299,10.01917171,9.467908859,8.721621513,8.974952698,10.25208855,10.53678989,11.46650124,11.0927887,11.0424099,11.44431591,12.91171074,14.31457901,15.03349876,20.00411797,15.15303898,22.1015377,20.54120636,21.59725952,19.85560799,22.33925819,21.29774284,20.4656353,20.6112957,23.2920208,23.27007484,26.40587234,25.26525879,28.56466866,23.6801815,22.74671936,23.28859329,30.95922852,33.2954483,32.29934692,30.2695961,23.65778351,21.27362061,25.16065788,23.0738163,30.83042717,27.77501297
"New Hampshire",17.89487076,14.93786335,12.48111439,11.11259747,11.65902615,12.88441086,11.16478729,13.54807663,15.6354351,16.14354897,17.88603783,19.33754158,16.58064842,13.73013306,13.46534348,13.60403919,13.65933895,13.78344536,13.89028072,16.59569168,15.86241436,13.42404366,14.36935902,14.36211491,13.41197777,11.41468525,10.94843769,9.829949379,10.71235466,12.04488182,10.37721062,9.267109871,9.638049126,10.65209484,9.926390648,8.734565735,8.82110405,9.376930237,9.219894409,8.123913765,8.415319443,8.603282928,8.392152786,7.749932289,8.637469292,7.702196121,8.480718613,9.109807014,9.221922874,8.674882889,8.739006042,9.713383675,8.197646141,8.184078217,8.666464806,8.550515175,7.999032021,8.063221931,7.937616825,8.072581291,8.175592422,8.052858353,8.975047112,8.475382805,8.160462379,9.332551003,9.359920502,9.940517426,10.82278347,15.40337086,11.73953724,14.28964233,13.39525032,12.60309792,12.13873863,13.67752171,13.49416542,12.84431076,13.8269558,15.02927589,17.81516838,17.86315155,18.74041557,22.31632805,15.59406376,14.10311699,14.47173119,16.54745865,18.00499535,19.32971764,19.5223217,16.59032249,15.33923054,17.60407066,16.73047447,18.14155006,15.01057529
"New Jersey",19.99913979,17.44074249,17.12682533,15.98333645,16.84342766,17.22175789,17.6848278,18.24561691,22.11180496,20.29882622,20.72463608,23.51118279,21.19843292,16.01757813,14.56760502,14.59207439,15.74511909,15.79893684,16.27707481,17.90246582,16.26047134,14.4469471,14.88721657,14.63504505,14.10913277,11.80097485,10.58973026,9.660128593,10.6750145,11.32156754,10.06517506,10.36185455,10.06787491,10.75738621,9.756074905,8.584791183,8.029088974,9.261460304,9.064455986,9.14322567,8.531637192,9.523637772,9.188551903,8.65871048,9.458515167,8.537905693,8.366081238,9.163000107,9.70641613,9.205306053,10.12996387,10.30200863,10.0615263,8.523524284,9.228672028,9.681967735,8.825913429,8.508300781,8.00753212,8.042341232,8.35375309,8.374297142,9.634039879,9.831558228,9.963252068,10.49168777,11.52956963,11.94081974,13.21717644,17.67049789,14.51862526,18.21692657,16.32778358,15.65705395,14.06645679,16.03566742,15.60246944,14.92148781,15.69568729,16.87029648,17.97303009,19.66437531,21.50714302,24.0111351,20.28961945,18.04211044,18.48053169,19.68483543,20.77327728,21.22447205,23.10238457,20.88092422,18.10060883,20.26957893,20.36924934,21.88438225,20.70542336
"New Mexico",11.50908852,9.10198307,12.11496353,10.34800816,11.51633835,12.22330666,11.61774349,13.03617954,14.78984737,15.59139919,16.2166996,17.47242737,13.35371017,13.94011879,13.37694645,13.84286022,12.95279884,13.87510395,12.68935013,13.95111847,14.11415672,13.15336037,13.9116087,14.08489513,13.83040524,13.05199146,11.14680386,9.137882233,9.113793373,11.49610519,10.52686405,12.23138618,11.21717072,12.53085709,11.23717117,10.70594501,8.548242569,9.228604317,9.605800629,9.159870148,9.871973991,7.82392168,8.631709099,8.038207054,8.42603302,8.004022598,7.937359333,8.943289757,9.480248451,8.864660263,8.678869247,8.648025513,8.649280548,8.273917198,8.229198456,8.301874161,8.392678261,8.065746307,7.566333771,8.23024559,8.560307503,8.259189606,8.760144234,8.903879166,8.344734192,9.303038597,10.50494862,10.72997952,11.31670761,12.75568199,9.683587074,11.72014999,10.53305435,10.25579453,9.822770119,10.21762848,10.26548195,10.34874916,10.46284103,11.15826607,13.35470581,13.5715332,14.44707203,10.12475395,17.52233505,11.91736889,12.23210335,13.72487068,15.62822914,16.8599968,17.71925545,15.7997942,14.4317379,14.74252415,13.45617676,15.31689358,13.59982491
"New York",27.48387909,26.54458618,27.17924309,21.48795891,21.15302467,23.5290432,21.67834282,23.6035099,25.82184219,24.4494133,26.16436005,30.09885216,34.560215,21.2714386,17.38006401,18.26439476,20.60983658,19.14931107,20.28740883,23.04694939,19.6763401,16.39466476,17.15372276,17.32949829,17.10179901,15.62683773,15.17943859,14.21684647,16.06374168,15.98018646,13.97663403,14.49575043,13.59036541,15.43784142,14.6022644,12.89920616,12.09839821,13.14579296,14.22556019,12.8225565,11.92207909,12.22018909,13.14155293,11.60473537,12.86196804,11.24146652,11.2491684,12.48523331,13.61931992,13.10189247,14.82502651,14.76961136,13.07340908,10.811409,11.24524784,11.26863575,10.24757576,9.977840424,9.488751411,9.814401627,9.977223396,10.18342209,11.61453724,12.07793522,12.60695362,13.22854137,14.10157204,14.66182804,15.52242374,20.48071098,16.25351524,19.69446564,19.05438614,18.11502266,17.02576065,19.66457558,18.96348,18.20680237,19.086689,21.95039558,23.40522194,25.13892746,27.19095612,28.07908058,29.40171242,23.98250771,25.10681534,28.56394768,30.2491684,32.16189575,35.30310059,30.15680695,27.01011086,30.17146873,30.12209129,33.89618301,31.81475067
"North Carolina",14.0365715,16.44498634,14.3288269,14.31053257,13.82522297,12.27048492,11.91597462,12.5593214,13.51147175,14.17036057,15.25105381,17.10027504,12.94545174,12.85157681,13.93698215,15.07911968,14.5206852,14.8403492,14.52379894,16.33934784,15.13424969,14.59898758,14.73051929,15.55889702,15.08552647,12.60468388,11.233778,10.39503193,11.62789249,13.24308681,12.33508682,11.54055309,10.87904263,11.21361065,10.85470581,10.34718132,9.202278137,9.944681168,10.36151791,9.890724182,9.964277267,9.234843254,9.678161621,9.340219498,9.710365295,9.789647102,9.667658806,10.54806232,11.36447811,10.54609299,10.048069,10.68795586,9.980390549,9.118852615,9.295892715,9.148833275,8.361755371,8.337583542,8.121181488,8.592847824,8.974463463,8.551742554,9.382913589,9.032335281,8.642168045,10.01928043,10.06428623,10.71795273,11.26251698,14.40313721,11.17818069,13.04403496,12.53604126,11.34039497,11.01353264,12.03473282,11.73754787,12.04091835,12.51707745,13.60395145,14.82364368,15.2018404,14.76558304,15.3678112,13.74925995,13.7911396,14.49137211,15.56517792,17.04260063,18.22994614,18.42800522,16.14520264,14.33468246,14.43477345,14.92167854,16.54162216,14.63461113
"North Dakota",6.483870506,5.632072926,6.427268028,7.720784187,9.27709198,9.101575851,9.108592987,9.310972214,10.47414589,12.05633354,12.34283733,13.09950542,9.243757248,9.391377449,13.60109329,11.41377354,13.45497799,14.8199892,9.72766304,13.57175827,9.916597366,11.01312923,10.1885128,9.990642548,8.711439133,9.139603615,8.355136871,7.636424541,8.452768326,9.671882629,7.551995277,8.881839752,8.431755066,8.24133873,7.694077969,8.366884232,7.596477509,7.102817535,7.549364567,7.478754044,7.440302372,7.259089947,7.659568787,6.588601589,7.421752453,6.146704674,6.771746159,8.20942688,7.406084061,7.129546642,7.866328239,8.369568825,7.256106377,7.027564049,7.067052841,6.204181671,5.79961729,6.698035717,7.401255131,7.96552372,8.189590454,6.972774982,7.963402748,9.622496605,8.103165627,8.713318825,9.816238403,9.660155296,9.875231743,11.33861256,8.254523277,11.40128326,9.409798622,9.36986351,9.94261837,9.454139709,10.00367546,9.150888443,10.1655283,9.816367149,11.53833389,12.3304224,11.78976631,12.47274208,11.65503216,11.21713543,11.17632294,12.90009499,13.23054981,15.72119236,15.60148621,16.52153587,13.70021725,14.94877243,16.7971344,21.55007744,17.83981323
"Ohio",17.53474236,13.46286297,15.6799612,13.78528881,14.79372978,15.83863354,13.3980484,15.72143269,17.87721062,18.073246,18.95011902,21.68985939,18.83150101,15.89942646,13.67976856,14.17052269,13.87638092,14.26983166,14.77024937,17.43227959,16.13327789,14.71514416,15.06305504,15.86567974,15.15317345,13.13855839,11.70472431,10.51451397,11.46374321,12.37492466,11.23625183,11.69326591,11.36391354,12.06746578,11.1662035,10.37764454,9.473731995,9.563323021,10.00636101,9.733734131,9.332825661,9.509962082,9.33839798,9.399609566,9.831225395,9.174444199,9.446344376,9.886588097,10.74721527,9.330320358,9.884792328,10.23785496,9.537347794,8.434923172,8.686056137,8.676607132,8.145896912,8.314188957,8.282243729,8.555614471,8.4392519,8.290220261,9.166096687,8.979357719,8.826294899,9.710367203,10.14695454,10.23985863,10.80190086,13.4319067,11.13738823,12.86484337,12.14044571,11.896101,11.69845867,12.40999699,12.39435768,12.0911665,12.81515884,13.78168869,15.13981819,15.17948818,14.39021683,14.30183315,13.60691071,13.73577309,13.62626457,15.29470444,15.85820484,16.64172173,17.17333031,15.57632732,13.82647419,14.88136673,15.1291523,16.96352386,14.69023132
"Oklahoma",12.88946247,13.18151665,13.49218273,13.78877544,13.16946411,15.35004139,14.2114296,15.86164951,18.52612305,18.62466812,18.13204384,20.08290672,18.06473351,16.93300629,13.33285999,14.5027523,15.15526104,16.87449074,15.74970531,18.73454094,17.12083244,15.73011684,15.3699379,15.49027157,16.90244293,12.83786488,11.53991985,9.761329651,10.05567551,10.8720274,10.70007801,14.3891983,13.03367233,14.86870003,13.40454865,11.61724377,11.67779446,12.48052406,12.02861977,11.53788757,12.61756897,10.38947964,10.80922985,10.38894081,11.4227047,10.83727551,11.05081749,11.84896946,11.9766531,11.00580406,11.25681877,11.76808548,11.04784012,9.80232048,9.931871414,10.2881937,9.579760551,9.857602119,9.894556046,10.36588192,10.37627029,9.710202217,10.66910076,11.44016361,11.41086197,12.12233734,14.10531616,13.82374859,13.47767258,13.80081463,10.56819057,12.20426655,11.28237438,11.84765148,11.3130846,12.06418133,11.51722336,11.88951397,11.30044174,12.4995451,14.66687584,15.13799381,14.78706741,15.15265465,14.43439865,12.93830681,14.05162239,16.33683395,17.73981857,20.17714882,21.28839684,19.3429451,16.6055069,16.21049881,17.19643784,20.70027542,16.70833588
"Oregon",13.18119526,11.91535091,11.50678825,9.86887455,10.48165703,11.17626476,9.824318886,10.49087143,13.26996708,13.68893814,12.75420284,15.49695683,13.1524477,12.11380386,11.20137882,10.7511549,11.42053413,11.57885647,12.8201685,14.32691097,13.35693073,12.34269428,12.71000385,13.88101006,14.31372452,13.81838799,12.25082016,10.98971462,11.96694374,13.19992161,11.10853958,12.31636429,10.58313847,12.46620369,11.96457672,10.81630325,9.700541496,10.1825943,9.281241417,10.54566765,8.742268562,10.14133453,10.22069073,9.5928545,9.567379951,9.253329277,9.121565819,10.07529259,10.17738628,9.171030998,9.651818275,10.26772404,9.596428871,8.112443924,8.779221535,9.306381226,9.016122818,8.683582306,8.164486885,8.131538391,8.713114738,8.406049728,8.672046661,8.245575905,8.267725945,9.105705261,10.08194637,10.1281271,10.64524555,12.89462662,10.31350136,12.66928387,12.5228796,12.19739437,11.64260292,12.41354465,12.50077152,12.33071518,12.49731255,14.04918861,15.50896835,15.39330292,15.71617413,17.62432671,13.90205193,13.42756271,14.16471291,15.67677975,16.90775108,18.13134956,18.74944687,15.6049366,14.16191196,14.73780155,14.69890594,16.26943398,15.01695061
"Pennsylvania",19.2507534,15.26546192,17.1329422,16.24449539,15.83304214,17.97157097,15.76245785,16.94087219,19.95553589,19.14004898,20.05586433,22.56551933,21.89730835,16.79052353,15.22903919,15.10497952,15.70426464,15.30268478,16.18123627,18.02752686,16.27575302,14.58409405,15.66849995,15.97784901,15.32816505,13.60217857,12.55673504,11.38304329,12.51072598,13.05160713,11.71060181,11.92193604,11.46642017,12.52862072,11.51946259,10.96605206,9.626868248,10.67605114,10.86889172,11.27866364,10.65285015,10.77620316,10.94672203,9.596910477,10.14790154,9.722032547,10.00549698,10.63907909,10.8343029,10.24519062,10.48706245,10.99340439,10.07935524,8.977834702,9.250461578,9.395049095,8.731789589,8.841584206,8.741514206,8.72550869,8.865813255,8.737681389,9.39486599,9.374740601,9.325643539,10.31516647,11.26776314,11.86978722,12.55975914,15.6514492,12.53615475,15.47253323,13.90987587,13.37345982,12.45069122,13.55879402,13.00974655,13.14561653,14.36248207,15.76014709,16.63446236,17.27209282,17.2735424,18.08916473,15.63353348,14.90771961,15.65956879,16.58559036,18.71485138,19.43693924,20.39448547,18.06868553,16.07316589,17.19416618,16.756464,19.39359093,16.52564621
"Rhode Island",21.63440895,19.99711609,19.23795891,18.28618622,18.88603401,19.12529755,15.33770466,19.36096764,20.79271507,20.58108139,21.9389534,24.21240234,23.617033,18.37122726,16.56752205,16.64911079,15.91782856,16.87235641,17.0729351,19.90928459,18.17672539,14.2748003,15.94421387,16.37078285,14.72663403,12.20647049,11.17461967,10.71149254,12.33137989,13.72434616,12.40021515,13.51396561,12.75335693,13.97790051,12.78319073,11.18946552,10.29616737,11.06298733,14.01606369,10.59218693,10.64254475,10.85245991,9.80133152,9.635259628,10.5256443,9.80929184,9.963945389,10.78215599,10.86215401,10.189394,10.95498276,10.93099499,9.840496063,8.857636452,8.933012009,9.506145477,9.024647713,9.237679482,9.227074623,9.639642715,9.598484039,9.513825417,10.37277985,10.24732876,9.484053612,10.46397305,10.73659039,11.22601223,11.72732639,16.34698677,12.55743694,15.13686562,13.31436443,12.75273991,13.03486919,13.1028614,12.41114616,12.36323643,13.28504467,13.70095634,16.74617004,16.83371735,16.48724174,18.95537567,16.58370399,14.61423874,15.21925259,16.93813133,17.35535431,18.47041512,19.56664085,16.48724174,14.4488802,15.54624653,16.81017494,17.52292633,15.64115143
"South Carolina",9.913818359,11.31322861,9.108160973,10.86668873,12.11976337,12.00829411,12.73804665,12.05722332,13.0000658,13.71903229,13.96024895,15.23023129,12.07684612,11.71134186,12.42615795,13.08250809,12.62025166,12.8637991,12.45761013,14.09655571,13.65807343,13.15078354,13.12813759,12.86424637,12.56126976,9.921046257,9.634331703,8.728991508,9.58912468,11.72576714,10.94253254,10.33459473,9.907299042,11.21395683,9.383267403,10.31149006,7.749064445,8.520317078,8.745173454,8.872865677,8.51331234,8.166077614,8.948191643,8.553359985,8.520702362,8.589857101,8.645027161,10.47606659,10.28400517,9.736023903,9.316666603,9.628519058,9.17784977,8.027695656,8.339457512,8.58987236,8.283022881,7.979688168,7.504820824,7.89429903,8.386793137,7.99301815,8.759396553,8.15850544,8.130179405,9.423303604,10.08020878,10.35964966,10.96650887,13.82900906,10.348629,11.31974602,11.04231167,10.70872974,10.32426262,11.17333031,11.09977055,11.71396542,12.47297478,13.26080704,14.85600471,16.17333984,15.54828644,14.84291744,14.12750435,13.35831928,13.92186356,15.70605564,17.74056625,18.92658043,19.07832336,15.65669918,14.22667885,14.96870518,14.41120338,16.66018867,15.21518707
"South Dakota",3.985504866,3.755089521,5.266072273,6.861358166,8.94999218,8.847476959,8.605778694,7.331981659,7.844607353,10.52583313,11.69395638,12.85652924,10.88729,10.44686604,13.7099905,12.30113983,17.56120491,14.92767525,10.36421204,14.97252178,10.6549511,10.69934368,10.83444405,10.88317394,10.12763405,8.326975822,8.95848465,7.426828384,7.49532938,8.994998932,9.267191887,8.230929375,8.904519081,8.806128502,7.220239162,8.045373917,7.119790554,7.291818619,7.717988491,8.427144051,6.841851711,7.707749367,7.804616928,7.136387825,7.11003828,6.730588436,6.995639324,9.272542,8.218231201,7.553594589,8.073072433,8.663908958,8.377378464,7.007249355,7.131402969,6.835328579,6.480316162,7.028941154,7.390232563,8.326821327,8.185646057,7.717014313,8.039315224,8.578401566,7.507734776,8.247974396,9.812366486,9.701284409,10.01974964,12.21338654,9.398116112,12.28338909,10.68838596,11.20585728,11.62306213,13.99710369,14.31132603,12.27141762,13.43123722,12.4555521,16.81179047,16.07993126,17.76263809,15.85174084,13.52141571,13.46206188,12.81462955,15.01755619,16.93817329,19.40289688,18.23826981,16.85978889,16.02884102,15.82614326,15.804286,20.05438995,16.14109421
"Tennessee",16.62802315,16.81967163,16.96542168,16.33580399,15.98314762,16.67780495,15.28355312,16.40721893,18.81614113,18.68730354,19.56629562,21.07839775,16.78357887,15.47466946,15.31469154,15.99130726,15.62446976,16.08553505,16.04490662,18.21435165,16.58335495,16.77046776,17.6394043,17.78912926,17.28720093,14.6520977,12.95302963,10.96466064,11.30354977,14.34047604,13.13768959,11.72966862,12.02906609,13.43260098,11.90318203,11.02654839,9.844820023,10.38115978,11.1061573,10.81536007,10.55690098,11.10009384,10.71215248,10.9457283,10.79362583,10.9920435,10.97207546,11.97893429,11.89514732,11.15324211,11.25142002,11.60046577,11.24915409,10.04245758,10.72374821,10.67159748,9.9223423,9.846546173,9.545825958,9.837954521,9.803525925,9.634121895,9.93864727,10.09176159,10.03282452,11.27172375,11.80774021,12.22699547,12.78104591,16.31520844,12.23921871,15.220191,13.65067959,12.74086857,12.8430748,14.62756062,13.95162773,13.85595226,14.57449532,16.19367218,17.56025696,17.44098854,17.03959274,16.8458252,15.52287292,14.52061462,15.67854786,17.63870239,18.76064873,20.75737762,21.33475494,17.8450489,15.95305443,17.1740284,16.41304588,18.91875458,16.58913803
"Texas",15.70112514,16.37926865,14.76657677,12.51719952,12.46272755,14.13924408,13.45856857,14.91530228,17.27343941,17.8079319,17.63677025,19.19211197,16.13318253,14.72282314,14.25373363,13.70388126,15.03235626,16.2538147,16.94842339,18.77670288,18.02714539,16.77206612,15.71519566,16.20199776,16.81186867,14.1371851,12.31953144,10.81155777,11.54005623,13.63808346,12.26776981,15.07688522,12.84451866,15.26747227,13.35290527,12.14080429,11.044034,12.12962246,11.96532631,11.00082684,10.82162094,10.56119442,10.8560009,10.71125889,10.93073273,10.5134306,10.62977505,11.4215641,11.50957584,11.02404118,11.53716087,12.25192642,11.2684803,10.04902077,10.93931389,11.55711174,11.16669083,10.83701515,10.27073193,10.5642004,10.71295738,10.31092739,11.90022087,12.18421364,12.51795769,12.39781857,14.00376606,14.66876507,14.41274548,15.78312683,12.48083401,15.34644604,14.44327545,14.88413334,13.78807545,14.85825348,14.1420002,14.10453415,14.92510891,16.35355759,18.06299019,19.29228401,18.9242878,20.08795929,17.19255447,15.72438622,16.75963974,18.68192863,21.89683533,23.18005753,22.72978973,24.10268974,18.35823059,20.50514984,21.07283974,24.9093647,21.18501472
"Utah",11.99528885,9.729881287,9.631211281,8.505629539,9.549225807,9.908604622,8.987736702,9.897187233,12.26427269,13.81394005,15.28638935,16.36288452,14.16703415,12.25263882,12.47408772,11.71714973,11.89728546,13.64537907,12.46608067,13.91734028,14.44231415,12.48166656,12.62270069,12.62368965,12.79925823,9.897499084,8.316664696,7.736662865,8.692789078,10.2912035,9.508288383,9.043684006,8.715208054,9.3499403,8.975608826,8.832993507,7.707312584,8.860830307,8.382159233,8.607672691,8.386473656,7.641597748,9.257712364,8.109970093,8.15140152,7.426068783,7.576193333,8.685131073,8.889413834,7.817948818,8.112847328,8.782352448,8.422420502,7.53593111,7.704424858,7.513571739,7.563750267,7.717178345,7.68487072,7.514016628,7.973884583,7.746204853,7.909051418,7.789310932,7.58842802,8.368697166,8.919157982,8.90502739,9.264063835,11.56012249,9.030452728,10.95677662,10.6326952,11.97613239,11.54967117,12.37206936,12.20374775,13.00675392,14.12362576,15.35192871,15.97245312,15.26485062,16.03013992,16.66868591,13.34743786,13.12212467,14.2274456,15.78140736,18.48635292,19.65348816,20.3106575,17.06507874,15.42235661,15.3477087,14.90726757,19.19812012,15.59652805
"Vermont",18.59001923,16.4833374,15.6059618,13.88884735,13.66406918,14.6858387,13.54368591,13.52366161,17.00586319,17.02844429,17.52449989,17.9172802,15.7110796,13.7628212,12.75342274,12.88512421,12.16721535,12.50552654,12.39633846,14.25327873,13.91777325,12.05784798,12.71486855,13.36373806,11.88089275,10.59993362,10.19182587,9.357344627,10.3979063,10.88013268,9.923406601,9.722654343,9.550587654,11.01288414,9.40878582,9.22092247,8.79681778,9.047359467,10.23097706,9.587985992,9.018956184,9.720788956,7.581145763,7.774820805,8.345038414,8.753988266,9.275418282,10.63132572,10.65808487,9.450974464,9.526120186,9.722661972,9.118575096,7.616992474,8.58149147,7.792448997,7.722968578,7.664444447,7.430820942,7.315241814,8.084132195,7.860031605,8.090291977,7.966231346,7.534443855,8.859829903,9.525405884,9.862640381,10.57898617,14.30821037,10.95701218,13.89306545,11.45037174,10.44162655,9.904223442,10.19855213,10.27739716,10.34738636,10.74817276,12.28278923,14.81055164,15.35669136,14.76054287,16.00169563,13.52720547,13.29695606,12.53275013,14.20137596,16.30885506,18.29668045,18.59405136,15.92411041,13.68209076,13.05603409,14.43497181,14.92702961,13.41801929
"Virginia",15.33055973,14.00015068,12.67939854,12.36897182,12.98071194,14.51187992,12.86639595,14.69421959,17.08916855,17.24921799,17.99812698,19.14157867,13.95962238,13.52817249,12.47986698,12.97523785,12.75569534,13.50188923,13.98381805,16.40272331,14.9450264,13.90663528,14.32410049,14.80642986,13.1089859,9.301603317,9.277747154,8.141366959,8.689213753,10.25597,10.58075237,10.09984112,9.726465225,10.50624275,9.661646843,8.819271088,8.053435326,9.040710449,8.955643654,9.083263397,8.324632645,8.238233566,8.530983925,8.739485741,8.809007645,8.575645447,8.853470802,9.114618301,9.442171097,8.942214012,8.816710472,9.22140789,8.477103233,7.78653717,8.168533325,8.301330566,8.059796333,8.112165451,7.974129677,7.629182339,7.606882095,7.507829189,8.028717995,7.967195988,7.909223557,8.534853935,8.87311554,9.43680191,10.28728867,13.19825935,10.24738312,12.58808517,11.24216461,10.62541199,9.964096069,10.96864033,10.71041965,10.85747337,11.72692966,13.42728901,13.65521049,15.62680531,16.69530869,16.51171684,13.8502655,13.51486111,14.0449543,15.65229797,17.12413216,17.63234138,17.18343544,15.52438259,13.54646587,15.75597858,15.15090656,16.98177719,14.45789242
"Washington",12.91682243,9.640171051,10.70271778,8.637206078,10.14112663,9.763928413,9.026079178,9.125822067,11.94268894,13.06593323,13.17250538,15.27258873,14.54036427,11.87296486,11.18797112,10.40291786,11.03306293,11.88643932,12.47188568,13.99205494,13.16761398,10.71295929,10.94312191,12.1284914,11.91564655,10.24247169,9.40194416,7.951946735,8.190783501,9.219002724,9.053286552,10.37097263,8.980438232,10.63476086,10.28821468,9.133547783,8.31818676,8.415088654,9.140169144,8.574682236,8.480368614,8.958533287,8.898760796,8.11041069,8.602714539,8.06008625,8.292180061,9.2666502,9.151768684,8.372535706,8.576489449,9.108647346,8.35132885,7.665539742,8.126584053,8.330020905,8.320949554,8.350785255,8.185685158,7.962559223,8.107505798,8.025107384,8.31593132,8.373303413,7.837115288,8.30737114,9.328251839,9.633839607,9.969334602,12.53502941,9.999168396,12.67639065,12.68353367,13.64412403,12.80270386,14.26403046,12.69024849,13.20799065,14.29851913,15.91452408,17.7313652,21.98213577,27.14797211,24.67556953,17.51698685,16.35784149,16.703722,17.97505569,19.68507957,20.84270668,22.06113052,18.07600212,15.38704777,16.43059921,17.22268295,21.11608315,17.5916996
"West Virginia",14.55247879,9.920511246,12.50353432,9.317344666,10.23585224,11.62360764,9.684959412,10.85376644,13.86000633,14.54192066,15.43857956,16.89129448,13.75815296,12.65455151,11.6478548,12.74299812,12.52695942,12.47573948,12.81972885,14.50028133,13.46086979,13.09880829,12.95229053,13.13832664,12.64023685,10.78695107,10.48803711,9.21882534,9.854475021,11.40944481,10.09127808,10.41158009,10.31195736,10.51413059,9.761873245,9.727525711,8.141394615,10.03921986,9.825909615,9.863142967,9.49328804,9.604474068,9.223731995,8.863362312,8.93951416,8.869441032,9.225352287,10.88681698,11.67896557,10.26259327,10.02998257,10.42890453,10.15050316,9.628764153,9.982397079,9.631443024,9.56829834,9.732525826,9.66381073,9.888825417,9.995251656,9.326461792,9.78076458,9.542517662,9.696546555,10.75943565,12.15305519,11.73001099,12.29415894,14.49995708,10.84948826,12.54637527,12.01870155,11.90504551,11.43133545,12.01899624,11.60584641,11.41472054,11.75021744,11.70891285,13.29622841,13.50844097,13.28880405,13.27808571,13.60556126,11.6742239,12.06384087,12.72422981,14.97303677,14.2965107,15.42595577,15.30285358,15.31520462,14.42978382,15.31966782,13.86476421,12.29632664
"Wisconsin",14.22160053,12.73008728,12.82160854,12.91308308,12.41004658,12.76548862,10.38777542,12.5295372,13.36049843,14.74503708,15.41823387,17.24216843,15.16691113,13.76366138,12.17973518,11.20571232,11.51719284,12.6625309,11.31274509,13.86992836,13.11322594,11.89323235,12.8810091,13.30190468,12.91464329,11.10701466,10.242733,9.516422272,10.68127346,11.30685329,10.22319126,9.870235443,9.737193108,10.54373455,9.610402107,9.099349976,8.681799889,8.690359116,9.319651604,9.334252357,9.297515869,8.68135643,8.744420052,8.652041435,8.835063934,8.472369194,8.7013731,9.255529404,9.155281067,8.666843414,9.242086411,9.44603157,8.70296669,7.621516228,7.864238262,8.079925537,7.399734974,7.638722897,7.689993858,8.070353508,8.061943054,8.003682137,8.464871407,8.212260246,8.379770279,9.348215103,10.08345509,10.16661072,10.71052456,13.16350269,10.14619732,13.15874958,11.49308681,11.92450905,11.54748058,12.86516094,12.17230225,12.59691906,13.01534748,14.10133839,15.47019291,15.9823494,15.28634262,15.83261967,14.21232319,14.16862869,14.25410748,15.20015335,16.4792614,17.68582726,17.5738678,16.38216782,15.36838436,15.76768017,15.4898901,17.82771111,15.88519192
"Wyoming",12.13135147,13.23756886,7.802554607,5.492296219,6.424910069,7.11536026,6.006812572,6.582201958,9.867833138,10.63950729,10.94393444,12.42562008,10.1041708,9.674614906,9.822147369,9.682941437,11.24081135,11.92603493,11.15789986,12.44688225,11.52943516,10.41288185,12.41077709,13.00123787,13.14548492,11.96577263,10.33134651,9.015377045,9.571860313,9.679703712,9.360847473,10.22938347,8.144317627,9.678787231,10.1365881,8.926186562,7.134894848,8.838842392,7.972155094,9.551685333,7.725087166,7.821685791,8.149385452,7.992048264,7.92144537,7.938680649,9.743618965,8.664819717,8.745684624,9.34946537,8.49090004,9.622364998,8.686641693,8.413664818,8.854219437,7.645390511,8.351548195,8.676815987,8.786466599,8.225521088,8.32395649,8.238137245,9.095209122,8.998867035,9.3226614,8.474666595,10.59017563,10.05491829,10.22723866,11.11252975,8.925656319,11.76533604,13.77710438,13.72440243,13.25593472,14.78616714,15.16575241,15.37082863,15.97813988,20.57996368,25.17931366,26.47205925,26.09400368,29.6030941,24.08514786,22.04696655,22.63877106,24.7324028,28.52307129,32.96400452,33.94255829,28.16578102,20.68118858,28.47088814,22.12639809,27.1410141,29.58349419
